<?xml version="1.0" encoding="UTF-8"?><project-private xmlns="http://www.netbeans.org/ns/project-private/1">
    <editor-bookmarks xmlns="http://www.netbeans.org/ns/editor-bookmarks/1"/>
    <open-files xmlns="http://www.netbeans.org/ns/projectui-open-files/2">
        <group>
            <file>file:/C:/Users/MICAELLA/OneDrive%20-%20National%20University/Documents/NetBeansProjects/Silverio_Finals/src/silverio_finals/accountCenter.java</file>
            <file>file:/C:/Users/MICAELLA/OneDrive%20-%20National%20University/Documents/NetBeansProjects/Silverio_Finals/src/silverio_finals/dashboard_user.java</file>
            <file>file:/C:/Users/MICAELLA/OneDrive%20-%20National%20University/Documents/NetBeansProjects/Silverio_Finals/src/silverio_finals/dashboard_admin.java</file>
            <file>file:/C:/Users/MICAELLA/OneDrive%20-%20National%20University/Documents/NetBeansProjects/Silverio_Finals/src/silverio_finals/Silverio_Finals.java</file>
        </group>
    </open-files>
</project-private>
